Bottega Crema Gianduia Paestum Likõr;17%;0,5L;4.550 Ft
Bottega Fior Di Latte Likõr;15%;0,5L;4.090 Ft
Bottega Limoncello di Crema;15%;0,5L;4.450 Ft
Bottega Limoncino Alla Grappa;30%;0,5L;4.490 Ft
Bottega Nero Grappa;15%;0,5L;4.450 Ft
Bowmore 12 Years Whisky;40%;0,7L;"14.650 Ft
12.990 Ft"
Bowmore 15 Years Whisky;43%;0,7L;24.550 Ft
Bowmore 17 Years White Sands Whisky;43%;0,7L;31.790 Ft
Bowmore 18 Years Whisky;43%;0,7L;34.990 Ft
Bowmore Black Rock Whisky;40%;1L;18.750 Ft
Bowmore Collection Triple Whisky Pack;42%;3*0,2L;19.500 Ft
Bowmore Gold Reef Whisky;43%;1L;19.990 Ft
Bowmore Legend Whisky;40%;0,7L;"13.990 Ft
12.650 Ft"
Boxer Gin;40%;0,7L;10.750 Ft
Boxing Hares Whisky;35%;0,7L;8.250 Ft
Brecon Special Reserve Dry Gin;40%;0,7L;8.990 Ft
Brockmans Premium Gin (DD);40%;0,7L;12.990 Ft
Brockmans Premium Gin (DD+Pohár);40%;0,7L;14.490 Ft
Brockmans Premium Gin;40%;0,5L;9.490 Ft
Brockmans Premium Gin;40%;0,7L;"11.990 Ft
9.990 Ft"
Brokers Gin Mini;40%;0,05L;1.250 Ft
Brokers Gin;40%;0,7L;6.990 Ft
Brokers Gin;47%;1,75L;16.990 Ft
Brokers Pink Gin;40%;0,7L;7.150 Ft
Brugal 1888 Rum;40%;0,7L;15.950 Ft
Brugal Anejo Superior;38%;0,7L;6.250 Ft
Brugal Anejo Superior;38%;1L;9.990 Ft
Brugal Blanco Supremo Rum;40%;0,7L;7.650 Ft
Brugal Especial Blanco Rum;40%;0,7L;6.990 Ft
Brugal Extra Viejo Rum (DD+Pohár);38%;0,7L;10.990 Ft
Brugal Extra Viejo Rum;38%;0,7L;"9.990 Ft
8.290 Ft"
Brugal Leyenda Rum;38%;0,7L;25.250 Ft
Brugal Siglo de Oro Rum;40%;0,7L;45.890 Ft
Brugal XV Reserva Exclusiva Rum;38%;0,7L;9.850 Ft
Bruichladdich Barley Classic Laddie Whisky;50%;0,7L;16.950 Ft
Bruichladdich Port Charlotte Barley Whisky;50%;0,7L;21.490 Ft
Bruichladdich The Organic Scottish Barley Whisky;50%;1L;27.290 Ft
Bruichladdich Wee Laddie Whisky Tasting Collection;50%;3*0,2L;24.490 Ft
Buffalo Trace Bourbon Whiskey;40%;0,7L;8.650 Ft
Bulldog London Dry Gin Mini;40%;0,05L;1.390 Ft
Bulldog London Dry Gin;40%;0,7L;8.990 Ft
Bulldog London Dry Gin;40%;1L;11.990 Ft
Bulleit 10 Years Bourbon Whiskey;45,6%;0,7L;14.950 Ft
Bulleit 95 Rye Whiskey;45%;0,7L;11.890 Ft
Bulleit Kentucky Bourbon Whiskey;45%;0,7L;11.990 Ft
Bumbu The Original Rum Midi;40%;0,35L;7.150 Ft
Bumbu The Original Rum;40%;0,7L;12.890 Ft
Bumbu XO Rum;40%;0,7L;14.990 Ft
